epoch,weighted_total_loss,unweighted_loss_nar,unweighted_loss_ar
0,3.706306517124176,1.0538396537303925,2.652466833591461
0,3.827189862728119,1.0555227398872375,2.7716671228408813
